first_name,second_name,email,phone,eircode
Liam,Walker,liam.walker1@example.com,0898626565,UJUMFF
Emma,Hughes,emma.hughes2@example.com,0870381420,349TSN
Noah,Turner,noah.turner3@example.com,0892359809,JAPVCM
Olivia,Barnes,olivia.barnes4@example.com,0890575454,3UMUTI
Elijah,Foster,elijah.foster5@example.com,0870327402,UEQEDL
Ava,Wood,ava.wood6@example.com,0899868363,UEO8H6
William,Harrison,william.harrison7@example.com,0856045681,WVG59P
Sophia,Gibson,sophia.gibson8@example.com,0878244743,68MV29
James,Mcdonald,james.mcdonald9@example.com,0899115014,M4K9RH
Isabella,Barker,isabella.barker10@example.com,0895425622,EA5BH8
Benjamin,Murray,benjamin.murray11@example.com,0853874958,JMDIGD
Mia,Dixon,mia.dixon12@example.com,0857029831,FCAK28
Lucas,Chapman,lucas.chapman13@example.com,0852895391,Z1SKTM
Charlotte,Hunt,charlotte.hunt14@example.com,0872254900,AJJCVL
Henry,Graham,henry.graham15@example.com,0859095453,DHSWC1
Amelia,Shaw,amelia.shaw16@example.com,0895036691,4ETEMA
Alexander,Reid,alex.reid17@example.com,0851123943,4KJ5VR
Harper,Carroll,harper.carroll18@example.com,0855840807,6B2814
Michael,Watts,michael.watts19@example.com,0890524746,NVYX3G
Ella,Higgins,ella.higgins20@example.com,0873186746,FOTE0E
Ethan,Bates,ethan.bates21@example.com,0855736594,2CP86D
Aria,Black,aria.black22@example.com,0872122240,IL64XW
Daniel,Reynolds,daniel.reynolds23@example.com,0855679993,FDLTYG
Scarlett,Fuller,scarlett.fuller24@example.com,0890348710,OBH11S
Matthew,Hawkins,matthew.hawkins25@example.com,0856649862,58DI8N
Grace,Stevens,grace.stevens26@example.com,0899849575,DIT6NX
Joseph,Long,joseph.long27@example.com,0851833320,WYZVLC
Chloe,West,chloe.west28@example.com,0857248132,PFEUU9
David,Cole,david.cole29@example.com,0893334318,OBBWJU
Victoria,Hart,victoria.hart30@example.com,0893124544,RN5WFI
Samuel,Stone,samuel.stone31@example.com,0893243461,5SUW9S
Penelope,Spencer,penelope.spencer32@example.com,0854115684,BQ112Z
Logan,Hamilton,logan.hamilton33@example.com,0859545377,RC4JOY
Layla,Harvey,layla.harvey34@example.com,0892545784,I9QVZ0
Jackson,Page,jackson.page35@example.com,0898921676,39H638
Lily,Cunningham,lily.cunningham36@example.com,0853928998,I77YCR
Sebastian,Moss,sebastian.moss37@example.com,0874203241,H1TU48
Nora,Newton,nora.newton38@example.com,0856119281,QZFIO8
Aiden,Todd,aiden.todd39@example.com,0873838650,B56Z95
Zoey,Kay,zoey.kay40@example.com,0875090056,ECC3A5
Owen,Little,owen.little41@example.com,0897642130,OBBEEO
Hannah,Greer,hannah.greer42@example.com,0875070065,H2FP99
Wyatt,Thornton,wyatt.thornton43@example.com,0871781709,696UG4
Eleanor,George,eleanor.george44@example.com,0894389542,YVT5HS
John,Hardy,john.hardy45@example.com,0894844934,CDN4XL
Addison,Barrett,addison.barrett46@example.com,0893752904,2EY3E8
Luke,SCott,luke.scott47@example.com,0898056575,DP7M3B
Stella,Chambers,stella.chambers48@example.com,0871741895,BXV90R
Gabriel,Barber,gabriel.barber49@example.com,0871899465,84LXU2
Natalie,Gill,natalie.gill50@example.com,0873041733,NELKPK
Anthony,Pearson,anthony.pearson51@example.com,0894171835,FOLVEB
Leah,Goodwin,leah.goodwin52@example.com,0879952791,JIZM1I
Dylan,Holt,dylan.holt53@example.com,0896040622,E7R18E
Hazel,Glover,hazel.glover54@example.com,0859177602,ZST6M2
Andrew,Riley,andrew.riley55@example.com,0878507692,WVN7AI
Violet,Baldwin,violet.baldwin56@example.com,0874149174,Q7XIXO
Isaac,Park,isaac.park57@example.com,0870777134,GC0FHN
Aurora,Lamb,aurora.lamb58@example.com,0857098337,QVEBUP
Thomas,Hayden,thomas.hayden59@example.com,0896799250,P9CHHG
Savannah,Hooper,savannah.hooper60@example.com,0879574887,LDV550
Joshua,Horton,joshua.horton61@example.com,0859149431,H66266
Zoey,Byrne,zoey.byrne62@example.com,0893952037,HLO8KH
Charles,Chandler,charles.chandler63@example.com,0859475248,ZKSBHJ
Brooklyn,Bailey,brooklyn.bailey64@example.com,0894996035,TI7T1L
Christopher,Rowe,christopher.rowe65@example.com,0853587239,GXWP5R
Paisley,Boyle,paisley.boyle66@example.com,0854450248,9Y7J6M
Ezra,Poole,ezra.poole67@example.com,0896649470,DHZHJ3
Ellie,Bolton,ellie.bolton68@example.com,0895064798,2H7MM8
Nathan,Metcalfe,nathan.metcalfe69@example.com,0852228298,M2XW6Y
Skylar,Preston,skylar.preston70@example.com,0898618790,3FLYYW
Hunter,Kent,hunter.kent71@example.com,0894738601,KSVY1N
Lucy,Fry,lucy.fry72@example.com,0899407420,MJZG9W
Aaron,Pratt,aaron.pratt73@example.com,0855527662,6GFFRE
Sadie,Rich,sadie.rich74@example.com,0894658513,LAMP7C
Christian,Forbes,christian.forbes75@example.com,0897366936,8LKFCB
Claire,Savage,claire.savage76@example.com,0873746747,I3QB0B
Jonathan,Dickson,jonathan.dickson77@example.com,0876288977,TWT3DB
Anna,Mccormick,anna.mccormick78@example.com,0897245176,SOPG2Y
Leo,Schofield,leo.schofield79@example.com,0876443469,TI9I5J
Caroline,Coates,caroline.coates80@example.com,0890477826,V4XXYZ
Julian,Storey,julian.storey81@example.com,0899035810,Q0YSHG
Kennedy,Devine,kennedy.devine82@example.com,0899095056,0J09LW
Robert,Sharp,robert.sharp83@example.com,0854761954,D84GSC
Ruby,Stokes,ruby.stokes84@example.com,0897721889,E1RN01
Brayden,Johnston,brayden.johnston85@example.com,0878219562,LM0JYP
Alice,Hamond,alice.hamond86@example.com,0875157774,EJHWZE
Mateo,Wilcox,mateo.wilcox87@example.com,0897779776,ZKRDXN
Gabriella,Hope,gabriella.hope88@example.com,0899579765,7XAHDZ
Jack,Field,jack.field89@example.com,0895585177,DQA6S5
Sadie,Lester,sadie.lester90@example.com,0871127417,FKHOZS
Levi,Hobbs,levi.hobbs91@example.com,0853868804,JV8Y54
Serenity,Vaughan,serenity.vaughan92@example.com,0872199552,A4RUQ7
Isaiah,Collier,isaiah.collier93@example.com,0852440235,I7AZV6
Autumn,England,autumn.england94@example.com,0858384193,XV5M1B
Grayson,Blair,grayson.blair95@example.com,0856771751,HE0DH4
Quinn,Bond,quinn.bond96@example.com,0875187256,RYUJ90
Jayden,Donaldson,jayden.donaldson97@example.com,0859065015,J3UUJU
Piper,Howarth,piper.howarth98@example.com,0893366100,WD5ZYE
Caleb,Randall,caleb.randall99@example.com,0890892650,CEON7D
Riley,Hargreaves,riley.hargreaves100@example.com,0899331614,DH2E76
Maverick,Sanderson,maverick.sanderson101@example.com,0853164580,P738CI
Adeline,Roy,adeline.roy102@example.com,0852226213,JVIA45
Elias,Pollard,elias.pollard103@example.com,0896326863,OOEI1U
Delilah,Farrell,delilah.farrell104@example.com,0875644614,SNCB60
Landon,Avery,landon.avery105@example.com
